Codigo,adm,Intereses,sancion,parqueaderos,otros valores,retroactivo,total,saldo a favor
1101,0,0,0,0,0,0,76800,0
1102,0,0,0,0,0,0,54000,0
1103,0,0,0,0,0,0,689485,0
1104,0,0,0,0,0,0,161600,0
1201,0,0,0,0,0,0,136600,0
1202,0,0,0,0,0,0,317644,0
1203,0,0,0,0,0,0,521078,0
1204,0,0,0,0,0,0,204800,0
1301,0,0,0,0,0,0,39932,0
1302,0,0,0,0,0,0,28900,0
1303,0,0,0,0,0,0,8000,0
1304,0,0,0,0,0,0,3072800,0
1401,0,0,0,0,0,0,582100,0
1402,0,0,0,0,0,0,84300,0
1403,0,0,0,0,0,0,109000,0
1404,0,0,0,0,0,0,61900,0
1501,0,0,0,0,0,0,10100,0
1502,0,0,0,0,0,0,74200,0
1503,0,0,0,0,0,0,0,137700
1504,0,0,0,0,0,0,1922631,0
1601,0,0,0,0,0,0,445583,0
1602,0,0,0,0,0,0,54000,0
1603,0,0,0,0,0,0,233800,0
1604,0,0,0,0,0,0,57000,0
2101,0,0,0,0,0,0,20200,0
2102,0,0,0,0,0,0,0,4100
2103,0,0,0,0,0,0,79600,0
2104,0,0,0,0,0,0,50000,0
2201,0,0,0,0,0,0,60100,0
2202,0,0,0,0,0,0,0,5100
2203,0,0,0,0,0,0,30300,0
2204,0,0,0,0,0,0,337500,0
2301,0,0,0,0,0,0,44500,0
2302,0,0,0,0,0,0,250500,0
2303,0,0,0,0,0,0,158100,0
2304,0,0,0,0,0,0,57000,0
2401,0,0,0,0,0,0,579700,0
2402,0,0,0,0,0,0,415600,0
2403,0,0,0,0,0,0,72800,0
2404,0,0,0,0,0,0,57000,0
2501,0,0,0,0,0,0,97000,0
2502,0,0,0,0,0,0,64100,0
2503,0,0,0,0,0,0,55000,0
2504,0,0,0,0,0,0,57000,0
2601,0,0,0,0,0,0,49400,0
2602,0,0,0,0,0,0,1252800,0
2603,0,0,0,0,0,0,20200,0
2604,0,0,0,0,0,0,900000,0
3101,0,0,0,0,0,0,70200,0
3102,0,0,0,0,0,0,177394,0
3103,0,0,0,0,0,0,18000,0
3104,0,0,0,0,0,0,1593649,0
3201,0,0,0,0,0,0,163400,0
3202,0,0,0,0,0,0,58000,0
3203,0,0,0,0,0,0,54000,0
3204,0,0,0,0,0,0,135200,0
3301,0,0,0,0,0,0,3070933,0
3302,0,0,0,0,0,0,210000,0
3303,0,0,0,0,0,0,152800,0
3304,0,0,0,0,0,0,892588,0
3401,0,0,0,0,0,0,56400,0
3402,0,0,0,0,0,0,45666,0
3403,0,0,0,0,0,0,56200,0
3404,0,0,0,0,0,0,125200,0
3501,0,0,0,0,0,0,50000,0
3502,0,0,0,0,0,0,0,0
3503,0,0,0,0,0,0,65200,0
3504,0,0,0,0,0,0,87300,0
3601,0,0,0,0,0,0,2341331,0
3602,0,0,0,0,0,0,149400,0
3603,0,0,0,0,0,0,71000,0
3604,0,0,0,0,0,0,3993790,0
4101,0,0,0,0,0,0,80300,0
4102,0,0,0,0,0,0,725700,0
4103,0,0,0,0,0,0,74200,0
4104,0,0,0,0,0,0,139600,0
4201,0,0,0,0,0,0,1486200,0
4202,0,0,0,0,0,0,54000,0
4203,0,0,0,0,0,0,54000,0
4204,0,0,0,0,0,0,52800,0
4301,0,0,0,0,0,0,54200,0
4302,0,0,0,0,0,0,153700,0
4303,0,0,0,0,0,0,54000,0
4304,0,0,0,0,0,0,1174700,0
4401,0,0,0,0,0,0,20200,0
4402,0,0,0,0,0,0,64100,0
4403,0,0,0,0,0,0,61261,0
4404,0,0,0,0,0,0,82900,0
4501,0,0,0,0,0,0,50750,0
4502,0,0,0,0,0,0,54000,0
4503,0,0,0,0,0,0,54000,0
4504,0,0,0,0,0,0,54300,0
4601,0,0,0,0,0,0,107100,0
4602,0,0,0,0,0,0,64100,0
4603,0,0,0,0,0,0,54000,0
4604,0,0,0,0,0,0,20200,0
5101,0,0,0,0,0,0,80300,0
5102,0,0,0,0,0,0,0,7500
5103,0,0,0,0,0,0,70200,0
5104,0,0,0,0,0,0,67100,0
5201,0,0,0,0,0,0,50000,0
5202,0,0,0,0,0,0,77400,0
5203,0,0,0,0,0,0,54000,0
5204,0,0,0,0,0,0,72600,0
5301,0,0,0,0,0,0,0,200
5302,0,0,0,0,0,0,78437,0
5303,0,0,0,0,0,0,54000,0
5304,0,0,0,0,0,0,32122,0
5401,0,0,0,0,0,0,60100,0
5402,0,0,0,0,0,0,54000,0
5403,0,0,0,0,0,0,3292010,0
5404,0,0,0,0,0,0,554600,0
5501,0,0,0,0,0,0,0,0
5502,0,0,0,0,0,0,0,215400
5503,0,0,0,0,0,0,109000,0
5504,0,0,0,0,0,0,1019200,0
5601,0,0,0,0,0,0,57100,0
5602,0,0,0,0,0,0,1596322,0
5603,0,0,0,0,0,0,761200,0
5604,0,0,0,0,0,0,0,54700
6101,0,0,0,0,0,0,70200,0
6102,0,0,0,0,0,0,74200,0
6103,0,0,0,0,0,0,742800,0
6104,0,0,0,0,0,0,50000,0
6201,0,0,0,0,0,0,65400,0
6202,0,0,0,0,0,0,54000,0
6203,0,0,0,0,0,0,10100,0
6204,0,0,0,0,0,0,87300,0
6301,0,0,0,0,0,0,58800,0
6302,0,0,0,0,0,0,53200,0
6303,0,0,0,0,0,0,86400,0
6304,0,0,0,0,0,0,135200,0
6401,0,0,0,0,0,0,25300,0
6402,0,0,0,0,0,0,53900,0
6403,0,0,0,0,0,0,225500,0
6404,0,0,0,0,0,0,68700,0
6501,0,0,0,0,0,0,212200,0
6502,0,0,0,0,0,0,128643,0
6503,0,0,0,0,0,0,54000,0
6504,0,0,0,0,0,0,941610,0
6601,0,0,0,0,0,0,185800,0
6602,0,0,0,0,0,0,1277200,0
6603,0,0,0,0,0,0,1026005,0
6604,0,0,0,0,0,0,77200,0
7101,0,0,0,0,0,0,20200,0
7102,0,0,0,0,0,0,235200,0
7103,0,0,0,0,0,0,20200,0
7104,0,0,0,0,0,0,159920,0
7201,0,0,0,0,0,0,1359290,0
7202,0,0,0,0,0,0,82000,0
7203,0,0,0,0,0,0,1735000,0
7204,0,0,0,0,0,0,44600,0
7301,0,0,0,0,0,0,276000,0
7302,0,0,0,0,0,0,54000,0
7303,0,0,0,0,0,0,159870,0
7304,0,0,0,0,0,0,165300,0
7401,0,0,0,0,0,0,34200,0
7402,0,0,0,0,0,0,54000,0
7403,0,0,0,0,0,0,113400,0
7404,0,0,0,0,0,0,66200,0
7501,0,0,0,0,0,0,79800,0
7502,0,0,0,0,0,0,142200,0
7503,0,0,0,0,0,0,59600,0
7504,0,0,0,0,0,0,77200,0
7601,0,0,0,0,0,0,674400,0
7602,0,0,0,0,0,0,54000,0
7603,0,0,0,0,0,0,30300,0
7604,0,0,0,0,0,0,77200,0
8101,0,0,0,0,0,0,0,3360
8102,0,0,0,0,0,0,2054200,0
8103,0,0,0,0,0,0,155200,0
8104,0,0,0,0,0,0,68600,0
8201,0,0,0,0,0,0,48724,0
8202,0,0,0,0,0,0,54000,0
8203,0,0,0,0,0,0,65900,0
8204,0,0,0,0,0,0,32300,0
8301,0,0,0,0,0,0,14200,0
8302,0,0,0,0,0,0,239100,0
8303,0,0,0,0,0,0,54000,0
8304,0,0,0,0,0,0,73750,0
8401,0,0,0,0,0,0,149100,0
8402,0,0,0,0,0,0,76400,0
8403,0,0,0,0,0,0,2541251,0
8404,0,0,0,0,0,0,30300,0
8501,0,0,0,0,0,0,1644690,0
8502,0,0,0,0,0,0,54000,0
8503,0,0,0,0,0,0,194000,0
8504,0,0,0,0,0,0,0,6137
8601,0,0,0,0,0,0,100400,0
8602,0,0,0,0,0,0,74200,0
8603,0,0,0,0,0,0,93300,0
8604,0,0,0,0,0,0,77200,0
9101,0,0,0,0,0,0,1661493,0
9102,0,0,0,0,0,0,568100,0
9103,0,0,0,0,0,0,149400,0
9104,0,0,0,0,0,0,60100,0
9201,0,0,0,0,0,0,50000,0
9202,0,0,0,0,0,0,84300,0
9203,0,0,0,0,0,0,53000,0
9204,0,0,0,0,0,0,196600,0
9301,0,0,0,0,0,0,426916,0
9302,0,0,0,0,0,0,64100,0
9303,0,0,0,0,0,0,230400,0
9304,0,0,0,0,0,0,57000,0
9401,0,0,0,0,0,0,50000,0
9402,0,0,0,0,0,0,39800,0
9403,0,0,0,0,0,0,32500,0
9404,0,0,0,0,0,0,683520,0
9501,0,0,0,0,0,0,50000,0
9502,0,0,0,0,0,0,2635879,0
9503,0,0,0,0,0,0,136300,0
9504,0,0,0,0,0,0,57500,0
9601,0,0,0,0,0,0,141400,0
9602,0,0,0,0,0,0,130100,0
9603,0,0,0,0,0,0,1077835,0
9604,0,0,0,0,0,0,1138000,0
10101,0,0,0,0,0,0,169000,0
10102,0,0,0,0,0,0,184000,0
10103,0,0,0,0,0,0,63600,0
10104,0,0,0,0,0,0,104400,0
10201,0,0,0,0,0,0,44600,0
10202,0,0,0,0,0,0,544570,0
10203,0,0,0,0,0,0,0,45400
10204,0,0,0,0,0,0,67100,0
10301,0,0,0,0,0,0,60100,0
10302,0,0,0,0,0,0,320296,0
10303,0,0,0,0,0,0,62200,0
10304,0,0,0,0,0,0,115000,0
10401,0,0,0,0,0,0,47440,0
10402,0,0,0,0,0,0,241800,0
10403,0,0,0,0,0,0,393400,0
10404,0,0,0,0,0,0,64000,0
10501,0,0,0,0,0,0,122300,0
10502,0,0,0,0,0,0,113400,0
10503,0,0,0,0,0,0,1045499,0
10504,0,0,0,0,0,0,1003100,0
10601,0,0,0,0,0,0,230000,0
10602,0,0,0,0,0,0,140900,0
10603,0,0,0,0,0,0,699100,0
10604,0,0,0,0,0,0,635000,0
11101,0,0,0,0,0,0,50000,0
11102,0,0,0,0,0,0,73000,0
11103,0,0,0,0,0,0,40400,0
11104,0,0,0,0,0,0,777999,0
11201,0,0,0,0,0,0,1947300,0
11202,0,0,0,0,0,0,2007100,0
11203,0,0,0,0,0,0,64100,0
11204,0,0,0,0,0,0,385000,0
11301,0,0,0,0,0,0,70200,0
11302,0,0,0,0,0,0,22400,0
11303,0,0,0,0,0,0,0,46000
11304,0,0,0,0,0,0,44800,0
11401,0,0,0,0,0,0,1159941,0
11402,0,0,0,0,0,0,366800,0
11403,0,0,0,0,0,0,45800,0
11404,0,0,0,0,0,0,88600,0
11501,0,0,0,0,0,0,2126714,0
11502,0,0,0,0,0,0,188780,0
11503,0,0,0,0,0,0,54000,0
11504,0,0,0,0,0,0,35600,0
11601,0,0,0,0,0,0,55300,0
11602,0,0,0,0,0,0,54000,0
11603,0,0,0,0,0,0,230300,0
11604,0,0,0,0,0,0,20200,0
12101,0,0,0,0,0,0,199000,0
12102,0,0,0,0,0,0,351800,0
12103,0,0,0,0,0,0,1223621,0
12104,0,0,0,0,0,0,60100,0
12201,0,0,0,0,0,0,1820601,0
12202,0,0,0,0,0,0,15800,0
12203,0,0,0,0,0,0,10100,0
12204,0,0,0,0,0,0,87300,0
12301,0,0,0,0,0,0,591110,0
12302,0,0,0,0,0,0,53400,0
12303,0,0,0,0,0,0,52500,0
12304,0,0,0,0,0,0,57000,0
12401,0,0,0,0,0,0,16000,0
12402,0,0,0,0,0,0,53000,0
12403,0,0,0,0,0,0,1070510,0
12404,0,0,0,0,0,0,962900,0
12501,0,0,0,0,0,0,486380,0
12502,0,0,0,0,0,0,331300,0
12503,0,0,0,0,0,0,106700,0
12504,0,0,0,0,0,0,714860,0
12601,0,0,0,0,0,0,668400,0
12602,0,0,0,0,0,0,2369200,0
12603,0,0,0,0,0,0,71600,0
12604,0,0,0,0,0,0,59000,0
13101,0,0,0,0,0,0,441000,0
13102,0,0,0,0,0,0,1286194,0
13103,0,0,0,0,0,0,1113300,0
13104,0,0,0,0,0,0,20200,0
13201,0,0,0,0,0,0,50000,0
13202,0,0,0,0,0,0,723200,0
13203,0,0,0,0,0,0,169600,0
13204,0,0,0,0,0,0,40498,0
13301,0,0,0,0,0,0,35154,0
13302,0,0,0,0,0,0,74200,0
13303,0,0,0,0,0,0,108300,0
13304,0,0,0,0,0,0,82800,0
13401,0,0,0,0,0,0,80300,0
13402,0,0,0,0,0,0,54000,0
13403,0,0,0,0,0,0,86610,0
13404,0,0,0,0,0,0,77200,0
13501,0,0,0,0,0,0,426558,0
13502,0,0,0,0,0,0,130100,0
13503,0,0,0,0,0,0,1239107,0
13504,0,0,0,0,0,0,3785700,0
13601,0,0,0,0,0,0,70200,0
13602,0,0,0,0,0,0,115000,0
13603,0,0,0,0,0,0,65500,0
13604,0,0,0,0,0,0,57000,0
14101,0,0,0,0,0,0,39400,0
14102,0,0,0,0,0,0,55700,0
14103,0,0,0,0,0,0,49172,0
14104,0,0,0,0,0,0,70200,0
14201,0,0,0,0,0,0,1047000,0
14202,0,0,0,0,0,0,91980,0
14203,0,0,0,0,0,0,71740,0
14204,0,0,0,0,0,0,192700,0
14301,0,0,0,0,0,0,60100,0
14302,0,0,0,0,0,0,54000,0
14303,0,0,0,0,0,0,54000,0
14304,0,0,0,0,0,0,46000,0
14401,0,0,0,0,0,0,42980,0
14402,0,0,0,0,0,0,89800,0
14403,0,0,0,0,0,0,10100,0
14404,0,0,0,0,0,0,113600,0
14501,0,0,0,0,0,0,70200,0
14502,0,0,0,0,0,0,129200,0
14503,0,0,0,0,0,0,0,0
14504,0,0,0,0,0,0,204800,0
14601,0,0,0,0,0,0,80300,0
14602,0,0,0,0,0,0,84300,0
14603,0,0,0,0,0,0,54000,0
14604,0,0,0,0,0,0,282840,0
15101,0,0,0,0,0,0,50000,0
15102,0,0,0,0,0,0,10100,0
15103,0,0,0,0,0,0,432000,0
15104,0,0,0,0,0,0,139480,0
15201,0,0,0,0,0,0,45200,0
15202,0,0,0,0,0,0,60700,0
15203,0,0,0,0,0,0,30300,0
15204,0,0,0,0,0,0,1111400,0
15301,0,0,0,0,0,0,66690,0
15302,0,0,0,0,0,0,53000,0
15303,0,0,0,0,0,0,64100,0
15304,0,0,0,0,0,0,821022,0
15401,0,0,0,0,0,0,89200,0
15402,0,0,0,0,0,0,172600,0
15403,0,0,0,0,0,0,55900,0
15404,0,0,0,0,0,0,57000,0
15501,0,0,0,0,0,0,48200,0
15502,0,0,0,0,0,0,74000,0
15503,0,0,0,0,0,0,652000,0
15504,0,0,0,0,0,0,57000,0
15601,0,0,0,0,0,0,112100,0
15602,0,0,0,0,0,0,233019,0
15603,0,0,0,0,0,0,105700,0
15604,0,0,0,0,0,0,76800,0
16101,0,0,0,0,0,0,60100,0
16102,0,0,0,0,0,0,108700,0
16103,0,0,0,0,0,0,814759,0
16104,0,0,0,0,0,0,645300,0
16201,0,0,0,0,0,0,51000,0
16202,0,0,0,0,0,0,22000,0
16203,0,0,0,0,0,0,101300,0
16204,0,0,0,0,0,0,200800,0
16301,0,0,0,0,0,0,160300,0
16302,0,0,0,0,0,0,210800,0
16303,0,0,0,0,0,0,52390,0
16304,0,0,0,0,0,0,0,152000
16401,0,0,0,0,0,0,72700,0
16402,0,0,0,0,0,0,346200,0
16403,0,0,0,0,0,0,54000,0
16404,0,0,0,0,0,0,39900,0
16501,0,0,0,0,0,0,10100,0
16502,0,0,0,0,0,0,1277502,0
16503,0,0,0,0,0,0,696990,0
16504,0,0,0,0,0,0,0,19800
16601,0,0,0,0,0,0,10278,0
16602,0,0,0,0,0,0,1558900,0
16603,0,0,0,0,0,0,241400,0
16604,0,0,0,0,0,0,368282,0
17101,0,0,0,0,0,0,10100,0
17102,0,0,0,0,0,0,873609,0
17103,0,0,0,0,0,0,54000,0
17104,0,0,0,0,0,0,216600,0
17201,0,0,0,0,0,0,113800,0
17202,0,0,0,0,0,0,0,57000
17203,0,0,0,0,0,0,20200,0
17204,0,0,0,0,0,0,32600,0
17301,0,0,0,0,0,0,94100,0
17302,0,0,0,0,0,0,30300,0
17303,0,0,0,0,0,0,63200,0
17304,0,0,0,0,0,0,93900,0
17401,0,0,0,0,0,0,51000,0
17402,0,0,0,0,0,0,54000,0
17403,0,0,0,0,0,0,0,5600
17404,0,0,0,0,0,0,159170,0
17501,0,0,0,0,0,0,51000,0
17502,0,0,0,0,0,0,108300,0
17503,0,0,0,0,0,0,54000,0
17504,0,0,0,0,0,0,54000,0
17601,0,0,0,0,0,0,1512143,0
17602,0,0,0,0,0,0,109000,0
17603,0,0,0,0,0,0,84300,0
17604,0,0,0,0,0,0,1085400,0
18101,0,0,0,0,0,0,0,75200
18102,0,0,0,0,0,0,80600,0
18103,0,0,0,0,0,0,54600,0
18104,0,0,0,0,0,0,10100,0
18201,0,0,0,0,0,0,51600,0
18202,0,0,0,0,0,0,0,31300
18203,0,0,0,0,0,0,53000,0
18204,0,0,0,0,0,0,2130214,0
18301,0,0,0,0,0,0,2480243,0
18302,0,0,0,0,0,0,105000,0
18303,0,0,0,0,0,0,64100,0
18304,0,0,0,0,0,0,59200,0
18401,0,0,0,0,0,0,70400,0
18402,0,0,0,0,0,0,64100,0
18403,0,0,0,0,0,0,57410,0
18404,0,0,0,0,0,0,10100,0
18501,0,0,0,0,0,0,815700,0
18502,0,0,0,0,0,0,72600,0
18503,0,0,0,0,0,0,74200,0
18504,0,0,0,0,0,0,56000,0
18601,0,0,0,0,0,0,53200,0
18602,0,0,0,0,0,0,969393,0
18603,0,0,0,0,0,0,51600,0
18604,0,0,0,0,0,0,59300,0
19101,0,0,0,0,0,0,3766265,0
19102,0,0,0,0,0,0,171880,0
19103,0,0,0,0,0,0,10100,0
19104,0,0,0,0,0,0,66500,0
19201,0,0,0,0,0,0,114960,0
19202,0,0,0,0,0,0,1927083,0
19203,0,0,0,0,0,0,54000,0
19204,0,0,0,0,0,0,489000,0
19301,0,0,0,0,0,0,609990,0
19302,0,0,0,0,0,0,53000,0
19303,0,0,0,0,0,0,543700,0
19304,0,0,0,0,0,0,66200,0
19401,0,0,0,0,0,0,40900,0
19402,0,0,0,0,0,0,25800,0
19403,0,0,0,0,0,0,0,1000
19404,0,0,0,0,0,0,590000,0
19501,0,0,0,0,0,0,75600,0
19502,0,0,0,0,0,0,74200,0
19503,0,0,0,0,0,0,1182872,0
19504,0,0,0,0,0,0,76318,0
19601,0,0,0,0,0,0,828521,0
19602,0,0,0,0,0,0,74200,0
19603,0,0,0,0,0,0,147266,0
19604,0,0,0,0,0,0,67100,0
20101,0,0,0,0,0,0,11863,0
20102,0,0,0,0,0,0,64100,0
20103,0,0,0,0,0,0,56200,0
20104,0,0,0,0,0,0,74600,0
20201,0,0,0,0,0,0,71200,0
20202,0,0,0,0,0,0,94400,0
20203,0,0,0,0,0,0,54900,0
20204,0,0,0,0,0,0,54000,0
20301,0,0,0,0,0,0,105000,0
20302,0,0,0,0,0,0,148200,0
20303,0,0,0,0,0,0,54000,0
20304,0,0,0,0,0,0,57000,0
20401,0,0,0,0,0,0,411300,0
20402,0,0,0,0,0,0,54000,0
20403,0,0,0,0,0,0,572800,0
20404,0,0,0,0,0,0,451700,0
20501,0,0,0,0,0,0,0,5800
20502,0,0,0,0,0,0,502404,0
20503,0,0,0,0,0,0,1332000,0
20504,0,0,0,0,0,0,67100,0
20601,0,0,0,0,0,0,527200,0
20602,0,0,0,0,0,0,10100,0
20603,0,0,0,0,0,0,76300,0
20604,0,0,0,0,0,0,356700,0
21101,0,0,0,0,0,0,113300,0
21102,0,0,0,0,0,0,62800,0
21103,0,0,0,0,0,0,185600,0
21104,0,0,0,0,0,0,124200,0
21201,0,0,0,0,0,0,70400,0
21202,0,0,0,0,0,0,30300,0
21203,0,0,0,0,0,0,147800,0
21204,0,0,0,0,0,0,57000,0
21301,0,0,0,0,0,0,10100,0
21302,0,0,0,0,0,0,84300,0
21303,0,0,0,0,0,0,0,224400
21304,0,0,0,0,0,0,69200,0
21401,0,0,0,0,0,0,61100,0
21402,0,0,0,0,0,0,64000,0
21403,0,0,0,0,0,0,61300,0
21404,0,0,0,0,0,0,76400,0
21501,0,0,0,0,0,0,72700,0
21502,0,0,0,0,0,0,30300,0
21503,0,0,0,0,0,0,124390,0
21504,0,0,0,0,0,0,468800,0
21601,0,0,0,0,0,0,434200,0
21602,0,0,0,0,0,0,8400,0
21603,0,0,0,0,0,0,64100,0
21604,0,0,0,0,0,0,77200,0
22101,0,0,0,0,0,0,1424600,0
22102,0,0,0,0,0,0,84300,0
22103,0,0,0,0,0,0,65017,0
22104,0,0,0,0,0,0,48600,0
22201,0,0,0,0,0,0,63200,0
22202,0,0,0,0,0,0,76200,0
22203,0,0,0,0,0,0,203000,0
22204,0,0,0,0,0,0,900,0
22301,0,0,0,0,0,0,804800,0
22302,0,0,0,0,0,0,54000,0
22303,0,0,0,0,0,0,129100,0
22304,0,0,0,0,0,0,443600,0
22401,0,0,0,0,0,0,45800,0
22402,0,0,0,0,0,0,30300,0
22403,0,0,0,0,0,0,64600,0
22404,0,0,0,0,0,0,54300,0
22501,0,0,0,0,0,0,123960,0
22502,0,0,0,0,0,0,20200,0
22503,0,0,0,0,0,0,871618,0
22504,0,0,0,0,0,0,57000,0
22601,0,0,0,0,0,0,465730,0
22602,0,0,0,0,0,0,54000,0
22603,0,0,0,0,0,0,48000,0
22604,0,0,0,0,0,0,1575175,0
23101,0,0,0,0,0,0,10100,0
23102,0,0,0,0,0,0,54000,0
23103,0,0,0,0,0,0,49300,0
23104,0,0,0,0,0,0,47600,0
23201,0,0,0,0,0,0,371500,0
23202,0,0,0,0,0,0,73400,0
23203,0,0,0,0,0,0,53500,0
23204,0,0,0,0,0,0,349800,0
23301,0,0,0,0,0,0,1580680,0
23302,0,0,0,0,0,0,167180,0
23303,0,0,0,0,0,0,41000,0
23304,0,0,0,0,0,0,57000,0
23401,0,0,0,0,0,0,61100,0
23402,0,0,0,0,0,0,262900,0
23403,0,0,0,0,0,0,2130577,0
23404,0,0,0,0,0,0,57000,0
23501,0,0,0,0,0,0,127500,0
23502,0,0,0,0,0,0,54000,0
23503,0,0,0,0,0,0,90400,0
23504,0,0,0,0,0,0,0,37800
23601,0,0,0,0,0,0,69000,0
23602,0,0,0,0,0,0,74200,0
23603,0,0,0,0,0,0,51400,0
23604,0,0,0,0,0,0,77200,0
24101,0,0,0,0,0,0,202300,0
24102,0,0,0,0,0,0,293500,0
24103,0,0,0,0,0,0,123701,0
24104,0,0,0,0,0,0,0,76000
24201,0,0,0,0,0,0,16000,0
24202,0,0,0,0,0,0,50000,0
24203,0,0,0,0,0,0,54000,0
24204,0,0,0,0,0,0,77200,0
24301,0,0,0,0,0,0,51000,0
24302,0,0,0,0,0,0,54000,0
24303,0,0,0,0,0,0,156400,0
24304,0,0,0,0,0,0,114100,0
24401,0,0,0,0,0,0,379700,0
24402,0,0,0,0,0,0,62400,0
24403,0,0,0,0,0,0,43302,0
24404,0,0,0,0,0,0,20200,0
24501,0,0,0,0,0,0,458100,0
24502,0,0,0,0,0,0,47200,0
24503,0,0,0,0,0,0,82000,0
24504,0,0,0,0,0,0,57000,0
24601,0,0,0,0,0,0,252851,0
24602,0,0,0,0,0,0,68600,0
24603,0,0,0,0,0,0,129200,0
24604,0,0,0,0,0,0,97400,0
25101,0,0,0,0,0,0,2412944,0
25102,0,0,0,0,0,0,143112,0
25103,0,0,0,0,0,0,73200,0
25104,0,0,0,0,0,0,610600,0
25201,0,0,0,0,0,0,40300,0
25202,0,0,0,0,0,0,74200,0
25203,0,0,0,0,0,0,54000,0
25204,0,0,0,0,0,0,135200,0
25301,0,0,0,0,0,0,170000,0
25302,0,0,0,0,0,0,933800,0
25303,0,0,0,0,0,0,1236400,0
25304,0,0,0,0,0,0,1036613,0
25401,0,0,0,0,0,0,39000,0
25402,0,0,0,0,0,0,974600,0
25403,0,0,0,0,0,0,115310,0
25404,0,0,0,0,0,0,62600,0
25501,0,0,0,0,0,0,119770,0
25502,0,0,0,0,0,0,109000,0
25503,0,0,0,0,0,0,64100,0
25504,0,0,0,0,0,0,64200,0
25601,0,0,0,0,0,0,305800,0
25602,0,0,0,0,0,0,309500,0
25603,0,0,0,0,0,0,287709,0
25604,0,0,0,0,0,0,0,173807
26101,0,0,0,0,0,0,107425,0
26102,0,0,0,0,0,0,380177,0
26103,0,0,0,0,0,0,2344747,0
26104,0,0,0,0,0,0,103800,0
26201,0,0,0,0,0,0,61100,0
26202,0,0,0,0,0,0,54000,0
26203,0,0,0,0,0,0,109000,0
26204,0,0,0,0,0,0,67100,0
26301,0,0,0,0,0,0,51000,0
26302,0,0,0,0,0,0,560690,0
26303,0,0,0,0,0,0,43200,0
26304,0,0,0,0,0,0,57000,0
26401,0,0,0,0,0,0,48700,0
26402,0,0,0,0,0,0,8400,0
26403,0,0,0,0,0,0,3861600,0
26404,0,0,0,0,0,0,51900,0
26501,0,0,0,0,0,0,327200,0
26502,0,0,0,0,0,0,82170,0
26503,0,0,0,0,0,0,1219800,0
26504,0,0,0,0,0,0,57000,0
26601,0,0,0,0,0,0,428000,0
26602,0,0,0,0,0,0,54000,0
26603,0,0,0,0,0,0,58400,0
26604,0,0,0,0,0,0,64200,0
27101,0,0,0,0,0,0,49355,0
27102,0,0,0,0,0,0,41500,0
27103,0,0,0,0,0,0,115229,0
27104,0,0,0,0,0,0,49400,0
27201,0,0,0,0,0,0,71200,0
27202,0,0,0,0,0,0,91200,0
27203,0,0,0,0,0,0,115200,0
27204,0,0,0,0,0,0,28800,0
27301,0,0,0,0,0,0,67800,0
27302,0,0,0,0,0,0,20200,0
27303,0,0,0,0,0,0,66300,0
27304,0,0,0,0,0,0,77200,0
27401,0,0,0,0,0,0,0,110260
27402,0,0,0,0,0,0,54000,0
27403,0,0,0,0,0,0,46490,0
27404,0,0,0,0,0,0,37300,0
27501,0,0,0,0,0,0,51000,0
27502,0,0,0,0,0,0,49600,0
27503,0,0,0,0,0,0,10100,0
27504,0,0,0,0,0,0,57000,0
27601,0,0,0,0,0,0,20200,0
27602,0,0,0,0,0,0,170850,0
27603,0,0,0,0,0,0,1428200,0
27604,0,0,0,0,0,0,130600,0
28101,0,0,0,0,0,0,121800,0
28102,0,0,0,0,0,0,578645,0
28103,0,0,0,0,0,0,375830,0
28104,0,0,0,0,0,0,150200,0
28201,0,0,0,0,0,0,119770,0
28202,0,0,0,0,0,0,74200,0
28203,0,0,0,0,0,0,112400,0
28204,0,0,0,0,0,0,88600,0
28301,0,0,0,0,0,0,715900,0
28302,0,0,0,0,0,0,76400,0
28303,0,0,0,0,0,0,113300,0
28304,0,0,0,0,0,0,4576760,0
28401,0,0,0,0,0,0,51600,0
28402,0,0,0,0,0,0,167324,0
28403,0,0,0,0,0,0,73100,0
28404,0,0,0,0,0,0,64100,0
28501,0,0,0,0,0,0,49000,0
28502,0,0,0,0,0,0,282800,0
28503,0,0,0,0,0,0,169600,0
28504,0,0,0,0,0,0,170150,0
28601,0,0,0,0,0,0,218800,0
28602,0,0,0,0,0,0,54000,0
28603,0,0,0,0,0,0,216600,0
28604,0,0,0,0,0,0,318350,0
29101,0,0,0,0,0,0,0,5000
29102,0,0,0,0,0,0,74200,0
29103,0,0,0,0,0,0,10100,0
29104,0,0,0,0,0,0,46948,0
29201,0,0,0,0,0,0,174500,0
29202,0,0,0,0,0,0,53000,0
29203,0,0,0,0,0,0,831328,0
29204,0,0,0,0,0,0,1154440,0
29301,0,0,0,0,0,0,1501176,0
29302,0,0,0,0,0,0,63200,0
29303,0,0,0,0,0,0,69000,0
29304,0,0,0,0,0,0,98700,0
29401,0,0,0,0,0,0,61100,0
29402,0,0,0,0,0,0,1256644,0
29403,0,0,0,0,0,0,76200,0
29404,0,0,0,0,0,0,1985200,0
29501,0,0,0,0,0,0,53200,0
29502,0,0,0,0,0,0,74200,0
29503,0,0,0,0,0,0,54000,0
29504,0,0,0,0,0,0,190460,0
29601,0,0,0,0,0,0,69124,0
29602,0,0,0,0,0,0,1011700,0
29603,0,0,0,0,0,0,234200,0
29604,0,0,0,0,0,0,54490,0
30101,0,0,0,0,0,0,121200,0
30102,0,0,0,0,0,0,84300,0
30103,0,0,0,0,0,0,169601,0
30104,0,0,0,0,0,0,86700,0
30201,0,0,0,0,0,0,45400,0
30202,0,0,0,0,0,0,64100,0
30203,0,0,0,0,0,0,139000,0
30204,0,0,0,0,0,0,62200,0
30301,0,0,0,0,0,0,51000,0
30302,0,0,0,0,0,0,2532337,0
30303,0,0,0,0,0,0,54000,0
30304,0,0,0,0,0,0,1915400,0
30401,0,0,0,0,0,0,435630,0
30402,0,0,0,0,0,0,160610,0
30403,0,0,0,0,0,0,112000,0
30404,0,0,0,0,0,0,45000,0
30501,0,0,0,0,0,0,67400,0
30502,0,0,0,0,0,0,1001958,0
30503,0,0,0,0,0,0,84300,0
30504,0,0,0,0,0,0,57000,0
30601,0,0,0,0,0,0,2283823,0
30602,0,0,0,0,0,0,53600,0
30603,0,0,0,0,0,0,54000,0
30604,0,0,0,0,0,0,74300,0
